Well Position,Name,Sequence
A1,gst_his_module,GCAGCCATCATCATCATCATCACAGCAGCGGCAGCGGGGGATCAGGGATGAGCCCGATCCTGGGCTATTGGAAAATCAAAGGCCTGGTACAGCCCACGCGATTGCTTCTGGAGTATTTAGAAGAGAAATACGAAGAACATCTCTATGAGCGCGATGAAGGAGATAAGTGGCGTAATAAAAAATTTGAACTGGGCCTGGAATTTCCTAACTTGCCGTATTATATAGACGGGGACGTCAAATTGACCCAAAGCATGGCCATCATTCGCTATATTGCGGATAAGCATAATATGCTGGGCGGTTGCCCGAAGGAAAGGGCAGAAATTAGTATGCTGGAAGGGGCCGTTCTTGATATTCGCTATGGCGTGTCTCGTATCGCCTATTCTAAAGACTTCGAGACGCTTAAAGTAGACTTCCTGAGTAAACTCCCCGAGATGCTTAAAATGTTTGAGGATCGGTTATGCCATAAGACCTATCTGAACGGCGATCACGTCACCCACCCCGATTTTATGCTTTATGACGCCCTGGATGTTGTACTCTACATGGATCCCATGTGTCTTGATGCCTTTCCAAAACTTGTATGCTTTAAAAAACGCATTGAAGCCATTCCGCAGATCGATAAGTACCTCAAATCTTCGAAATACATTGCGTGGCCTCTACAGGGCTGGCAGGCCACATTCGGCGGTGGTGACCACCCACCGAAGTCGGATGGGAGCGGCGGTGACGATGATGATAAAGCCGGCTCTGGCGAAAATCTGTACTTCCAATCTGGTTCCGGAGGGAGTGGC
A2,ssiv_1,CTGTACTTCCAATCTGGTTCCGGAGGGAGTGGCACCCTGAATATTGAGGATGAACACCGTCTGCATGAAACCAGTAAAGAGCCTGACGTGAGCCTGGGAAGCACGTGGTTGTCCGATTTTCCACAGGCTTGGGCAGAAACCGGTGGAATGGGATTAGCGGTTCGCCAGGCACCCCTGATCATTCTGCTGAAGGCTACGAGTACGCCGGTCAGCATTAAACAGTACCCAATGCGCCAGAAAGCGCGTCTGGGTATCAAACCTCACATTCAGCGGCTGCTTGATCAGGGAATTCTGGTGCCCTGCCAGTCTCCATGGAACACTCCATTATTACCGGTCAAAAAACCGGGCACTAACGACTATCGCCCGGTGCAGGACTTGCGCGAAGTTAATAAGCGGGTTGAAGATATCCACCCGACCGTGCCAAACCCTTACAATTTACTATCCGGCTTACCGCCATCGCACCAATGGTACACTGTGCTGGACCTTAAAGATGCTTTCTTCTGCCTGAGACTGCATCCGACAAGCCAACCCCTGTTTGCCTTCGAATGGCGCGACCCAGAAATGGGTATCAGCGGTCAATTGACCTGGACTCGTTTGCCGCAAGGGTTTAAAAACTCGCCGGCACTGTTTGATGAGGCGCTCCGTCGCGACCTGGCCGACTTTCGCATCCAGCACCCCGATTTAATACTGTTGCAGTATGTTGATGATCTGCTTCTGGCTGCAACTTCAGAACTAGATTGTCAGCAAGGCACCCGCGCCCTGTTGCAGACACTGGGGAACCTGGGATATCGAGCGTCGGCGAAAAAAGCTCAGATTTGCCAGAAGCAAGTGAAGTACTTAGGTTACTTACTGAAAGAAGGTCAGCGCTGGCTCACGGAGGCACGTAAGGAGACGGTAATG
A3,ssiv_2,CTCACGGAGGCACGTAAGGAGACGGTAATGGGCCAGCCGACCCCAAAGACGCCTCGTCAGCTGCGCAAATTTCTGGGTACAGCTGGTAATTGTAGGCTGTTTATACCTGGCTTTGCAGAGATGGCGGCGCCACTGTACCCGCTGACCAAACCGGGCACCTTGTTCAACTGGGGCCCGGATCAGCAAAAAGCCTATCAAGAAATTAAACAAGCCCTGCTGACGGCACCGGCGCTGGGCCTCCCGGACCTGACTAAACCGTTTGAACTCTTCGTCGACGAAAAACAAGGTTATGCCAAAGGGGTTCTGACGCAGAAATTGGGCCCGTGGCGTCGTCCTGTCGCGTACCTGAGCAAGAAACTGGATCCGGTGGCTGCGGGTTGGCCGCCGTGCCTACGTATGGTTGCGGCCATCGCTGTACTGACGAAGGATGCGGGTAAATTAACGATGGGCCAGCCGTTGGTGATTGGCGCGCCTCATGCGGTTGAAGCATTAGTGAAACAACCGCCGGACCGCTGGCTCTCCAAAGCAAGAATGACGCACTATCAGGCGTTGTTATTAGATACCGACCGTGTGCAGTTTGGCCCAGTCGTGGCACTGAACCCGGCGACCTTGCTCCCGCTTCCTGAGGAAGGCCTCCAACATAATTGTCTGGATATCCTGGCAGAAGCGCATGGCACCCGTCCCGATCTAACCGACCAGCCGTTACCTGATGCGGATCATACCTGGTATACCGGCGGTAGTAGCTTGCTGCAGGAAGGTCAACGTAAAGCTGGTGCGGCTGTCACAACTGAAACGGAAGT
A4,ssiv_3,TAAAGCTGGTGCGGCTGTCACAACTGAAACGGAAGTGATTTGGGCTAAAGCACTGCCTGCCGGCACCTCTGCGCAGCGTGCGGAGCTCATCGCTCTGACCCAGGCATTAAAAATGGCGGAGGGGAAAAAACTTAATGTGTACACCAATAGTCGATATGCGTTCGCCACTGCGCACATCCAGGGGGAAATTTACCGCCGGCGCGGTCTTCTGACTTCCGAAGGTAAAGAAATTAAGAACAAAGACGAAATTCTGGCCCTGCTGAAGGCATTGTTCCTGCCGAAACGCCTGTCGATAATCCATTGTCCGGGTCATCAGAAAGGACATTCAGCCGAAGCTCGTGGTAATCGTATGGCGAACCAAGCAGCCCGGAAAGCAGCCATCACAGAGACACCAGATACCTCAACACTGCCGATTGAAAACAGCTCACCGTAAGCATAACAGCAACCGCCAGTAATGACTCGAGCA
A5,rnasein1,ATCTGTACTTCCAATCTGGTTCCGGAGGGAGTGGCATGTCTTTGGATATTCAATGTGAGCAGCTGAGCGATGCCCGCTGGACAGAATTACTGCCGCTAATACAGCAGTATCAGGTGGTACGCCTTGATGATTGCGGCTTGACTGAGGTTCGTTGCAAAGATATCCGCAGTGCCATCCAAGCCAATCCGGCATTGACGGAATTGAGCTTACGTACCAATGAACTGGGCGATGCCGGCGTTGGTCTGGTATTACAGGGACTTCAAAATCCGACTTGCAAGATTCAAAAACTGTCTTTACAGAACTGTAGTCTGACTGAAGCAGGGTGTGGTGTTCTACCAGACGTGCTCCGGTCGCTGAGTACACTGCGTGAACTGCACCTGAATGATAACCCGCTGGGGGACGAAGGCTTGAAGCTGCTCTGTGAAGGATTGCGTGATCCACAGTGCCGCTTAGAAAAACTTCAACTGGAGTATTGCAACCTGACTGCGACCAGCTGCGAGCCACTGGCTTCGGTTCTGCGCGTGAAACCCGACTTTAAAGAATTGGTGCTGAGTAACAATGATTTCCATGAAGCCGGGATTCATACCTTATGCCAAGGCCTCAAGGATTCGGCGTGTCAGCTAGAGAGCCTGAAGTTAGAAAACTGCGGCATTACCTCCGCAAATTGTAAAGATCTGTGTGACGTCGTCGCGTCAAAAGCGTCGCTGCAGGAATTGGATTTGGGTAGCAACAAGCTCGGGAACACGGGCATTGCTGCGCTGTGCTCTGGCCTGCTTCTGCCGTCCTGCCGTCTGCGCACCCTGTGGCTATGGGATTGCGATGTTACGGCCGAAGGTTGTAAAGACTTATGCCGCGTCCTTCGGGCCAAACAGAGTCTGAAAGAGCTGTCC
A6,rnasein2,TTCGGGCCAAACAGAGTCTGAAAGAGCTGTCCCTCGCGGGCAATGAGCTGAAAGACGAAGGCGCACAATTACTCTGTGAATCACTGCTCGAGCCTGGCTGCCAATTAGAGTCACTTTGGGTGAAAACCTGCTCATTGACCGCGGCTAGCTGCCCTCACTTCTGTTCCGTACTGACGAAAAATCGTAGCCTGTTTGAACTGCAGATGTCTTCGAATCCCCTGGGTGATTCTGGAGTTGTGGAGCTGTGCAAAGCGTTAGGTTATCCGGACACCGTTCTGCGCGTGCTTTGGCTGGGGGATTGTGACGTAACCGACAGCGGTTGTTCAAGTCTGGCTACGGTCCTGCTGGCAAACAGGAGCCTTAGAGAACTGGATTTGAGCAACAACTGCATGGGTGATACGGGTGTGTTGCAGCTGCTTGAAAGCCTGAAACAGCCGTCCTGTGCGCTCCAGCAGCTTGTCTTATACGATATTTACTGGACAGACGAAGTGGAAGACCAGCTCCGTGCACTGGAAGAAGAGCGTCCGTCGCTGCGAATCATCTCCTAAGCATAACAGCAACCGCCAGTAATGACTCGAGCAC
A7,,
A8,,
A9,,
A10,,
A11,,
A12,,
B1,new_raver,CAGCAATGCAGAGCCCAAGCATAATTCTAACCTGCCACCTTTACTGGGCCCCTCTGGCGGCGACCGGGAGCCAATGGGACTAGGCCCACCAGCAACGCAGCTGACTCCACCACCCGCCCCAGTTGGCTTGCGTGGATCCAACCACCGTGGACTTCCCAAAGATAGTGGCCCCTTGCCTACGCCACCCGGCGTGAGCCTGCTAGGCGAGCCACCAAAGGATTACAGGATACCCCTGAACCCTTACCTTAATCTCCACTCACTGCTGCCCTCTAGCAATCTTGCGGGAAAAGAGACCAGGGGCTGG
B2,internal_tdp_0p6_1,CGCAAGGTGTTCGTGGGTCGCTGCACGGAAGACATGACGGAAGATGAATTAAGGTAAGtgGcGTGctTGtgGcGTGgtTGggGtGTGggTGgGaGTGggaTGggtGaGTGgtTGtcccGtGTGgtTGgctcGgGTGctTGtatGgGTGatTGtcgGcGTGttTGacAGGGAATTTTTCTCACAATATGGCGACGTAATGGACGTCTTTATACCAAAGCCATTCCGGGCATTTGCGTTTGTTACTTTTGCTGATGACCAGGTGcGTGcgTGgaaaGtGTGcaTGcgGgGTGttTGattagGgGTGtaTGgctGgGTGaaTGacGcGTGcaTGgtgGtGTGgaTGcaaaGtGTGatTGatgGaGTGaaTGacGtGTGacTGtctaacgtcttcaccgattctaCAGATCGCGCAAAGCCTGTGCGGAGAAGACCTTATTATTAAGGGCATCTCTGTACACATCAGCAATGCA
B3,internal_tdp_0p6_2,CGCAAGGTGTTCGTGGGTCGCTGCACGGAGGACATGACAGAGGACGAATTAAGGTAAGccGgGTGcaTGatGcGTGggTGggGaGTGtgTGgGaGTGggaTGggtGaGTGgtTGtcgcGtGTGgtTGgttcGgGTGctTGgaaGgGTGatTGtcgGcGTGttTGacAGGGAATTTTTTTCACAATACGGCGACGTAATGGACGTCTTTATACCAAAGCCCTTTCGGGCATTTGCGTTCGTTACTTTTGCTGATGACCAGGTGcGTGctTGtatcGtGTGccTGtcGgGTGgtTGattagGgGTGtaTGgctGgGTGatTGatGcGTGtaTGgccGtGTGgaTGacaaGaGTGaaTGttgGtGTGaaTGacGaGTGccTGtctaacgtcttgatcgattctaCAGATCGCCCAATCCCTCTGCGGCGAAGACCTTATTATTAAGGGCATCTCTGTACACATCAGCAATGCA
B4,internal_tdp_0p8_1,CGCAAGGTGTTCGTGGGTCGCTGCACGGAGGACATGACCGAGGACGAGTTAAGGTAAGcgGcGTGgtTGatGcGTGgtTGggGaGTGgcTGgGaGTGggaTGggaGaGTGgtTGtgtcGgGTGgtTGactcGgGTGccTGgatGgGTGatTGtcgGcGTGttTGacAGGGAGTTTTTCAGTCAATACGGAGACGTAATGGACGTCTTTATACCCAAGCCATTCCGGGCATTTGCATTCGTAACTTTTGCAGATGATCAGGTGcGTGcgTGggtcGaGTGaaTGtgGgGTGgaTGattagGgGTGaaTGgccGgGTGatTGggGcGTGtaTGgtgGtGTGgaTGacgaGcGTGatTGtccGtGTGatTGacGaGTGacTGtctaacgtcttgaccgattctaCAGATTGCGCAATCGCTGTGCGGAGAAGACCTTATTATTAAGGGCATCTCTGTACACATCAGCAATGCA
B5,internal_tdp_0p8_2,CGCAAGGTGTTCGTGGGTCGCTGCACGGAGGACATGACCGAGGATGAGCTAAGGTAAGtgGtGTGccTGttGtGTGgtTGggGtGTGggTGtGtGTGggaTGggaGtGTGgtTGtcgcGtGTGatTGgctcGgGTGctTGgatGgGTGatTGtcgGcGTGttTGacAGGGAATTCTTTTCGCAATACGGAGACGTAATGGACGTATTTATACCCAAGCCATTCCGGGCCTTTGCCTTCGTTACTTTTGCTGATGACCAGGTGcGTGcaTGaatcGtGTGcaTGttGtGTGgtTGattagGgGTGtaTGaccGgGTGatTGagGcGTGtaTGgtgGtGTGgaTGacaaGaGTGatTGttgGtGTGaaTGaaGaGTGacTGactaacgtcttgaccgattctaCAGATCGCGCAATCCTTGTGCGGCGAGGACCTTATTATTAAGGGCATCTCTGTACACATCAGCAATGCA
B6,internal_tdp_0p95_1,CGCAAGGTGTTCGTGGGTCGCTGCACGGAAGATATGACTGAAGATGAATTAAGGTAAGtgGcGTGttTGctGcGTGggTGgtGtGTGggTGtGaGTGggaTGgggGcGTGttTGtggcGtGTGatTGgcttGgGTGatTGgatGgGTGatTGtcgGcGTGttTGacAGGGAGTTCTTCTCACAATACGGCGACGTGATGGACGTCTTCATCCCCAAGCCATTTCGGGCATTTGCTTTCGTTACATTTGCTGATGATCAGGTGcGTGcgTGgatgGaGTGaaTGaaGtGTGttTGaatagGgGTGtaTGtctGgGTGatTGagGcGTGtaTGaaaGtGTGgaTGacaaGaGTGatTGttgGtGTGaaTGaaGaGTGacTGactaactttttctcctattctaCAGATCGCGCAGTCGCTATGCGGCGAAGACCTTATTATTAAGGGCATCTCTGTACACATCAGCAATGCA
B7,internal_tdp_0p95_2,CGCAAGGTGTTCGTGGGTCGCTGCACGGAAGACATGACCGAGGATGAGCTCAGGTAAGcgGcGTGatTGttGcGTGgtTGggGaGTGggTGtGgGTGtgaTGggaGgGTGgtTGccgtGtGTGatTGgctcGgGTGatTGcatGgGTGatTGtcgGcGTGttTGacAGGGAGTTTTTCAGTCAATATGGAGACGTAATGGACGTCTTCATACCCAAGCCATTCAGAGCGTTTGCCTTCGTAACATTTGCTGATGATCAGGTGcGTGcaTGaatcGtGTGgaTGtgGgGTGgtTGaatagGcGTGtaTGgctGaGTGctTGagGcGTGtaTGgtgGtGTGgaTGacaaGaGTGatTGgtgGtGTGaaTGacGaGTGagTGtctaacgtcttcaccatttctgCAGATCGCGCAATCGCTGTGCGGCGAAGACCTTATTATTAAGGGCATCTCTGTACACATCAGCAATGCA
B8,internal_tdp_tg_rep_0p8_1,CGCAAGGTGTTCGTGGGTCGCTGCACGGAGGACATGACGGAGGATGAACTAAGGTAAGtgGcGTGacTGttGcGTGctTGggGtGTGggTGtGaGTGggaTGggaGaGTGgaTGtagcGtGTGgcTGgtgcGgGTGctTGaatGgGTGatTGtcgGcGTGttTGTGTGTGacAGGGAGTTTTTCTCACAATACGGCGACGTAATGGACGTCTTTATCCCCAAGCCGTTTCGGGCCTTCGCGTTCGTTACCTTCGCTGATGATCAGGTGcTGTGTGTGTGcGcGTGcaTGtgGgGTGgtTGattagGgGTGtaTGgctGgGTGgcTGagGcGTGtaTGgtgGtGTGgaTGacaaGaGTGatTGttgGgGTGacTGacGaGTGacTGtctaacgtcttcaccgattctaCAGATTGCTCAGTCGCTCTGCGGAGAAGACCTTATTATTAAGGGCATCTCTGTACACATCAGCAATGCA
B9,internal_tdp_tg_rep_0p8_2,CGCAAGGTGTTCGTGGGTCGCTGCACGGAGGATATGACCGAGGACGAACTCAGGTAAGcgGtGTGctTGttGcGTGgtTGggGtGTGggTGtGaGTGggaTGggaGaGTGgtTGtcgcGtGTGgtTGacccGgGTGctTGgatGgGTGatTGtcgGcGTGttTGTGTGTGacAGGGAGTTTTTTTCACAATACGGCGACGTTATGGACGTCTTCATCCCGAAGCCATTCCGGGCCTTTGCCTTCGTTACATTCGCTGATGATCAGGTGcTGTGTGTGTGgGtGTGcaTGtgGgGTGgcTGactacGgGTGtaTGgcaGgGTGctTGagGtGTGgaTGgtgGtGTGgaTGacaaGaGTGaaTGttgGtGTGaaTGacGaGTGacTGtctaacgtcttgaccaattctaCAGATTGCGCAATCTCTTTGCGGAGAAGACCTTATTATTAAGGGCATCTCTGTACACATCAGCAATGCA
B10,internal_tdp_tg_rep_0p95_1,CGCAAGGTGTTCGTGGGTCGCTGCACGGAAGATATGACCGAGGATGAACTAAGGTAAGccGcGTGctTGttGcGTGgtTGggGtGTGggTGtGcGTGggaTGggaGgGTGgtTGtcgaGtGTGgaTGgctcGgGTGctTGcatGgGTGatTGtcgGcGTGttTGTGTGTGacAGGGAGTTCTTCAGTCAATACGGCGACGTCATGGACGTGTTCATCCCCAAACCCTTTCGAGCATTCGCCTTCGTTACATTCGCCGATGATCAGGTGcTGTGTGTGTGcGcGTGcaTGtgGgGTGgtTGattagGgGTGcaTGcctGgGTGttTGagGcGTGgaTGgtgGtGTGgtTGacaaGaGTGatTGctgGtGTGaaTGacGaGTGaaTGtctaacgtcttgatcgattctaCAGATCGCTCAATCCTTGTGCGGCGAGGATCTTATTATTAAGGGCATCTCTGTACACATCAGCAATGCA
B11,internal_tdp_tg_rep_0p95_2,CGCAAGGTGTTCGTGGGTCGCTGCACGGAGGACATGACGGAGGACGAACTAAGGTAAGcgGaGTGctTGttGcGTGgtTGggGtGTGggTGtGaGTGggaTGggaGaGTGgtTGttgcGtGTGgtTGgctcGgGTGcaTGgatGaGTGatTGtcgGcGTGttTGTGTGTGacAGGGAATTTTTCTCGCAATACGGCGACGTAATGGACGTGTTTATCCCGAAGCCCTTCCGAGCCTTCGCGTTCGTTACCTTCGCAGATGATCAGGTGcTGTGTGTGTGcGaGTGcaTGtgGgGTGgtTGaacagGgGTGtaTGgctGgGTGttTGagGcGTGgaTGattGtGTGcaTGacaaGaGTGaaTGttgGtGTGaaTGacGaGTGacTGtctaacgtcttgaccgattctaCAGATCGCGCAATCGCTGTGCGGAGAAGACCTTATTATTAAGGGCATCTCTGTACACATCAGCAATGCA
B12,,
C1,cdk_de,ACATGGACGAGCTGTACAAGTCACGCAAGGAAAAAGCCCATCATCGTAAGGATGAAAAACGTAAGGAAAAACGTCGTCATCGTAGTCATTCAGCTGAAGGTGGAAAGCATGCTCGAGTTAAGGAAAAGGAGCGCGAGCATGAGCGTCGAAAGCGACATAGGGAGGAACAGGACAAAGCACGTCGCGAATGGGAACGACAAAAACGTAGGGAAATGGCACGTGAGCATTCACGACGCGAACGTGATCGTCTCGAGCAGCTCGAGCGCAAACGTGAACGCGAACGCAAAATGCGCGAGCAACAAAAGGAGCAACGTGAACAAAAGGAGCGCGAGCGTCGTGCGGAGGAGCGACGCAAGGAACGCGAGGCTCGCCGGGAAGTATCTGCACATCATCGTACCATGCGTGAGGATTATTAAGATCCGCAGGCCTCTGC
C2,cdk_op,ACATGGACGAGCTGTACAAGAGCAGAAAAGAGAAAGCCCACCATAGAAAAGATGAAAAGAGAAAAGAGAAAAGAAGACACAGAAGCCACTCGGCGGAAGGAGGGAAGCACGCTAGAGTGAAAGAAAAAGAGAGAGAACATGAGAGAAGAAAGAGACACAGAGAAGAGCAGGATAAGGCAAGAAGAGAATGGGAGCGCCAGAAGAGAAGAGAAATGGCGAGGGAGCACTCGAGAAGAGAAAGAGATCGCCTGGAACAGCTGGAGAGAAAAAGAGAAAGAGAACGGAAGATGAGGGAGCAGCAGAAAGAGCAAAGAGAGCAGAAGGAAAGAGAAAGAAGAGCCGAAGAAAGACGGAAAGAACGAGAAGCCAGAAGAGAAGTGTCGGCCCACCACAGGACCATGAGGGAGGACTACTAAGATCCGCAGGCCTCTGC
C3,luc_de,ACATGGACGAGCTGTACAAGGCAAAAATTAAAGCCACTGTTGAGGAGTTAAAAGAAAAATTACGTAAACGTACCGAGGAGCCTGATAGGGATGAACGTTTGAAAAAGGAAAAACAGGAACGTGAGGAGCGGGAAAAGGAACGCGAACGTGAACGAGAGGAGCGCGAACGTAAACGTAGGCGCGAGGAGGAGGAGCGTGAAAAAGAGCGGGCGCGTGACCGTGAGCGTCGTAAACGATCCCGCAGTCGAAGCAGACACTCTTCTCGAACAAGCGATCGCAGATGTAGTCGATCGCGGGACCATAAACGTAGCCGCTCTCGCGAACGACGACGATCTAGATCCAGGGACCGACGACGTTCCAGATCGCATGATCGTAGTGAGCGCAAGCACAGATCCCGTTCTAGGGATAGACGTCGATCAAAATCACGCGATCGTAAGTCTTATAAACATAGGTCTAAATCACGAGATCGTGAACAAGATCGCAAAAGTAAGGAAAAGGAAAAACGTGGCAGCGACGATAAAAAATCATCAGTTAAGTCTGGCTCACGCGAAAAACAATCTGAAGACACAAATACTGAATCAAAGGAGTCAGACACTAAAAATGAATAAGATCCGCAGGCCTCTGC
C4,luc_op,ACATGGACGAGCTGTACAAGGCGAAGATCAAAGCGACCGTCGAAGAACTCAAAGAGAAGCTGCGAAAGAGAACCGAAGAACCGGATAGAGACGAGAGACTCAAGAAAGAGAAGCAAGAACGTGAAGAACGAGAGAAAGAACGTGAGCGCGAGAGGGAAGAGCGAGAGAGGAAGCGAAGAAGGGAAGAAGAAGAAAGAGAAAAGGAAAGAGCCCGAGACAGAGAAAGGAGAAAGAGAAGCCGATCGAGGTCAAGACACTCAAGCAGAACATCTGACAGAAGATGTTCAAGGAGCCGAGATCACAAGAGAAGCAGGAGCCGAGAAAGGAGAAGGAGCAGAAGTAGAGATAGGAGAAGATCCAGAAGTCACGACAGAAGCGAAAGAAAACACCGTTCGAGAAGCCGAGACAGAAGAAGATCCAAGTCGAGAGACAGAAAGTCCTATAAGCACAGAAGCAAGAGCAGAGACAGAGAACAAGATAGAAAATCGAAGGAGAAGGAGAAGAGAGGATCGGACGACAAAAAGTCGAGCGTGAAAAGCGGGAGCCGAGAAAAGCAGAGCGAAGACACGAACACCGAGAGCAAAGAAAGCGACACCAAGAACGAGTAAGATCCGCAGGCCTCTGC
C5,prp_de,ACATGGACGAGCTGTACAAGGAGGAAATTGATAGACATGTTGAACGTCGCCGTTCACGATCACCACGCCGTTCTTTGTCACCTCGACGTTCTCCTCGGCGTAGTCGATCACGTAGTCATCATAGGGAAGGGCATGGCTCATCATCATTCGACCGAGAGCTTGAACGTGAGAAGGAGCGGCAACGACTTGAACGCGAAGCGAAGGAGCGGGAGAAGGAGCGTAGGCGTTCCAGATCAATAGATCGTGGATTGGAACGTCGACGATCACGTAGTCGTGAACGACATCGATCACGTTCTAGATCCCGTGACAGAAAGGGTGATAGACGCGACCGGGATCGCGAACGTGAGAAGGAGAACGAGAGGGGTAGGAGACGTGATCGAGATTATGATAAGGAGCGGGGTAATGAACGCGAAAAGGAGCGTGAACGATCTCGCGAACGGTCGAAAGAGCAACGTTCTAGGGGGGAAGTTGAGGAGAAAAAACATAAGGAGGATAAGGATGATAGGAGACATCGTGATGATAAACGCGATAGTAAAAAGGAAAAAAAACACAGTAGATCTCGTTCTCGTGAACGTAAACATAGATCGCGGTCCAGATCGCGCAATGCAGGTAAACGCAGTCGTAGCCGGTCAAAGGAGAAATCGTCTAAACATAAAAACGAATCTAAGGAAAAGTCAAATAAACGTAGTCGATCAGGGTCTCAAGGTCGAACTGATTCAGTGGAAAAATCCAAAAAACGTGAACATTCTCCATCTAAGGAAAAATCTCGCAAGCGCTCACGATCCAAGGAGCGTTCACATAAACGCGATCATTCTGATAGTAAGGATCAAAGTGATAAGCACGATAGACGCCGGTCACAATCTATTGAACAGGAGTCATAAGATCCGCAGGCCTCTGC
C6,prp_op,ACATGGACGAGCTGTACAAGGAAGAAATTGATAGACACGTGGAGAGAAGAAGATCGAGAAGCCCAAGAAGATCGCTCAGCCCAAGAAGATCGCCAAGAAGGAGCAGAAGCAGGTCCCACCACAGAGAAGGCCATGGCAGTTCGAGCTTCGACAGAGAATTAGAACGCGAAAAGGAAAGACAGAGACTAGAAAGAGAAGCCAAAGAACGAGAGAAGGAACGAAGAAGAAGCAGAAGCATCGACCGAGGATTAGAGAGAAGACGCAGCCGAAGCAGAGAAAGACACAGGAGCAGATCGAGAAGTAGAGACAGGAAGGGCGACAGAAGAGACCGAGACAGAGAACGAGAAAAGGAGAACGAGAGAGGGAGGCGTCGAGATAGAGACTATGACAAAGAAAGAGGGAACGAGAGGGAGAAGGAGAGAGAACGAAGCCGCGAAAGGAGTAAAGAACAGCGTTCACGAGGAGAAGTTGAGGAGAAGAAACACAAAGAAGACAAAGACGACAGAAGACATAGAGACGATAAGAGGGACTCAAAGAAAGAGAAGAAGCACAGTAGATCCAGAAGTCGAGAGAGAAAACACCGAAGTCGCTCAAGAAGCAGAAACGCCGGGAAGAGAAGTCGGTCGAGAAGCAAGGAAAAGAGTAGTAAACATAAGAACGAAAGTAAGGAGAAGAGTAATAAGAGAAGCCGATCAGGGAGTCAAGGAAGGACAGACTCCGTCGAAAAGAGTAAGAAAAGAGAACACAGTCCCTCCAAGGAGAAAAGCAGAAAGAGATCTCGGTCCAAAGAAAGATCCCACAAGAGAGACCATTCTGATAGCAAGGATCAAAGTGACAAGCATGACCGAAGAAGGAGTCAAAGCATAGAACAAGAATCCTAAGATCCGCAGGCCTCTGC
C7,srs_de,ACATGGACGAGCTGTACAAGTCTTTAATTTCTGCTGCAATTGAACCCGACAAAAAGGAGGAGAAACGGCGCCACTCTAGATCCCGCTCCAGATCCCGACGCAGGCGGACACCTTCTTCATCTAGACACAGGCGGTCTAGATCGCGCAGTCGACGACGCTCACACTCTAAGTCACGTAGTAGACGACGATCTAAATCCCCTCGACGACGTCGATCGCATAGTCGTGAACGCGGTAGACGGTCACGATCGACTAGTAAAACACGGGATAAAAAAAAGGAGGATAAGGAGAAAAAACGTTCTAAAACTCCACCCAAGTCGTACTCTACAGCTAGACGATCTCGGTCAGCAAGTCGCGAGAGACGCAGGCGACGTTCACGCTCAGGTACTAGATCGCCTAAAAAACCTAGATCTCCTAAACGTAAATTGAGCAGATCTCCATCGCCTCGTAGACATAAAAAGGAGAAAAAAAAGGATAAGGATAAGGAACGTTCACGGGATGAACGTGAACGCTCGACTTCTAAAAAGAAAAAGTCCAAGGACAAGGAAAAGGACCGTGAACGTAAATCCGAATCTGATAAGGATGTAAAACAAGTGACGCGGGACTACGATGAGGAGGAACAGGGTTATGACTCCGAAAAGGAAAAAAAGGAGGAGAAAAAATAAGATCCGCAGGCCTCTGC
C8,srs_op,ACATGGACGAGCTGTACAAGAGTTTGATATCCGCGGCCATAGAGCCTGACAAGAAAGAGGAGAAGAGAAGACACTCGAGATCAAGATCACGAAGCCGGAGGAGGAGAACTCCAAGTTCTTCGAGACACAGGAGAAGCCGGAGCCGGAGTAGAAGGAGATCACACTCTAAGAGTAGGAGTAGAAGAAGATCAAAGTCGCCTAGAAGAAGAAGAAGCCATTCAAGAGAAAGAGGGAGGCGATCAAGGAGTACAAGTAAGACTAGAGACAAGAAAAAGGAAGATAAAGAGAAGAAACGGAGCAAGACGCCACCGAAATCATACAGCACAGCAAGGAGGAGCAGAAGTGCATCAAGGGAAAGAAGGCGTAGAAGGAGTAGGAGTGGAACAAGATCACCTAAGAAACCTCGAAGTCCGAAGAGGAAGCTGTCAAGGTCTCCATCGCCTCGAAGACACAAGAAGGAGAAGAAGAAAGACAAAGATAAAGAGAGGAGTAGAGATGAAAGAGAACGAAGCACATCAAAGAAAAAGAAAAGTAAGGATAAAGAGAAAGATCGGGAAAGGAAAAGTGAAAGCGATAAGGACGTGAAGCAAGTTACGAGAGACTATGATGAAGAAGAACAAGGCTACGACTCTGAAAAGGAAAAGAAAGAAGAAAAAAAGTAAGATCCGCAGGCCTCTGC
C9,,
C10,,
C11,,
C12,,
D1,,
D2,,
D3,,
D4,,
D5,,
D6,,
D7,,
D8,,
D9,,
D10,,
D11,,
D12,,
E1,,
E2,,
E3,,
E4,,
E5,,
E6,,
E7,,
E8,,
E9,,
E10,,
E11,,
E12,,
F1,,
F2,,
F3,,
F4,,
F5,,
F6,,
F7,,
F8,,
F9,,
F10,,
F11,,
F12,,
G1,,
G2,,
G3,,
G4,,
G5,,
G6,,
G7,,
G8,,
G9,,
G10,,
G11,,
G12,,
H1,,
H2,,
H3,,
H4,,
H5,,
H6,,
H7,,
H8,,
H9,,
H10,,
H11,,
H12,,